City_ID,City,Lat,Lng,Max Temp,Humidity,Cloudiness,Wind Speed,Country,Date
0,vaini,-21.2,-175.2,78.96,94,75,5.75,TO,2023-02-08 05:25:04
1,ushuaia,-54.8,-68.3,56.86,58,40,11.5,AR,2023-02-08 05:24:08
2,hobart,-42.8794,147.3294,66.27,64,40,14.97,AU,2023-02-08 05:15:07
3,saint-pierre,-21.3393,55.4781,83.88,70,0,27.63,RE,2023-02-08 05:25:05
4,dunedin,-45.8742,170.5036,60.71,48,53,17.22,NZ,2023-02-08 05:21:33
5,albany,42.6001,-73.9662,37.54,79,84,3.74,US,2023-02-08 05:22:21
6,port lavaca,28.615,-96.6261,70.3,95,100,8.05,US,2023-02-08 05:25:07
7,qingdao,36.0986,120.3719,46.0,31,0,8.95,CN,2023-02-08 05:25:08
8,hermanus,-34.4187,19.2345,68.81,82,0,13.13,ZA,2023-02-08 05:25:09
9,lerwick,60.1545,-1.1494,44.6,74,100,33.08,GB,2023-02-08 05:25:10
10,bathsheba,13.2167,-59.5167,75.81,88,75,20.71,BB,2023-02-08 05:25:11
11,porto velho,-8.7619,-63.9039,75.25,94,75,1.14,BR,2023-02-08 05:25:11
12,kapaa,22.0752,-159.319,76.98,87,100,17.27,US,2023-02-08 05:25:12
13,maraba,-5.3686,-49.1178,75.38,100,40,0.0,BR,2023-02-08 05:25:13
14,new norfolk,-42.7826,147.0587,65.91,44,7,3.0,AU,2023-02-08 05:25:13
15,souillac,-20.5167,57.5167,82.78,74,75,14.97,MU,2023-02-08 05:25:14
16,kavaratti,10.5669,72.642,80.22,71,95,12.91,IN,2023-02-08 05:25:15
17,dhidhdhoo,6.8833,73.1,80.51,73,71,10.42,MV,2023-02-08 05:25:16
18,cesenatico,44.1999,12.3991,33.89,83,0,6.91,IT,2023-02-08 05:25:17
19,yanam,16.7333,82.2167,85.96,45,97,2.1,IN,2023-02-08 05:25:17
20,porlamar,10.958,-63.8491,74.84,88,77,11.43,VE,2023-02-08 05:25:18
21,lebu,-37.6167,-73.65,58.32,89,0,16.49,CL,2023-02-08 05:25:18
22,rikitea,-23.1203,-134.9692,79.66,71,61,8.99,PF,2023-02-08 05:23:16
23,mar del plata,-38.0023,-57.5575,73.09,97,100,18.01,AR,2023-02-08 05:22:20
24,coquimbo,-29.9533,-71.3436,64.13,88,100,2.3,CL,2023-02-08 05:25:19
25,mustafabad,30.8922,73.4989,67.6,23,50,5.23,PK,2023-02-08 05:25:20
26,saint-augustin,51.226,-58.6502,-1.7,91,39,5.88,CA,2023-02-08 05:25:20
27,cabo san lucas,22.8909,-109.9124,68.5,49,87,1.01,MX,2023-02-08 05:25:21
28,kambia,9.1167,-12.9167,70.25,84,23,1.97,SL,2023-02-08 05:25:22
29,provideniya,64.3833,-173.3,-3.89,71,100,6.71,RU,2023-02-08 05:25:22
30,faanui,-16.4833,-151.75,80.89,72,24,11.61,PF,2023-02-08 05:25:23
31,saint-philippe,-21.3585,55.7679,83.79,81,87,13.22,RE,2023-02-08 05:25:24
32,kailua,21.4022,-157.7394,75.18,82,24,5.99,US,2023-02-08 05:25:25
33,busselton,-33.65,115.3333,82.53,44,0,8.59,AU,2023-02-08 05:25:25
34,aklavik,68.2191,-135.0107,-19.82,96,100,7.43,CA,2023-02-08 05:25:26
35,labuhan,-6.8844,112.2051,78.84,84,100,6.38,ID,2023-02-08 05:25:29
36,mahebourg,-20.4081,57.7,83.25,74,75,14.97,MU,2023-02-08 05:25:30
37,mataura,-46.1927,168.8643,49.48,62,56,11.83,NZ,2023-02-08 05:25:30
38,tiarei,-17.5333,-149.3333,82.42,65,2,7.25,PF,2023-02-08 05:25:31
39,touros,-5.1989,-35.4608,77.05,74,100,12.53,BR,2023-02-08 05:25:32
40,flin flon,54.7682,-101.865,18.73,92,27,7.34,CA,2023-02-08 05:25:32
41,ancud,-41.8697,-73.8203,55.09,94,1,3.67,CL,2023-02-08 05:25:33
42,conceicao do araguaia,-8.2578,-49.2647,72.18,95,90,2.82,BR,2023-02-08 05:25:33
43,arinos,-15.9169,-46.1056,70.75,71,58,1.14,BR,2023-02-08 05:25:33
44,jamestown,42.097,-79.2353,37.02,92,100,5.99,US,2023-02-08 05:24:16
45,alice springs,-23.7,133.8833,96.35,28,40,13.8,AU,2023-02-08 05:25:34
46,agnibilekrou,7.1344,-3.2047,71.22,98,96,2.55,CI,2023-02-08 05:25:34
47,victoria,22.2855,114.1577,68.38,81,96,10.0,HK,2023-02-08 05:25:07
48,chokurdakh,70.6333,147.9167,-34.24,99,100,4.07,RU,2023-02-08 05:25:35
49,los llanos de aridane,28.6585,-17.9182,53.35,75,40,8.99,ES,2023-02-08 05:25:35
50,punta arenas,-53.15,-70.9167,53.71,76,0,11.5,CL,2023-02-08 05:25:35
51,castro,-24.7911,-50.0119,60.53,96,43,4.83,BR,2023-02-08 05:25:36
52,vadso,70.0744,29.7487,32.16,64,20,24.16,NO,2023-02-08 05:25:36
53,vila franca do campo,37.7167,-25.4333,54.01,75,86,11.32,PT,2023-02-08 05:25:37
54,dingle,10.9995,122.6711,82.76,67,100,16.64,PH,2023-02-08 05:25:37
55,saldanha,-33.0117,17.9442,66.25,86,0,8.81,ZA,2023-02-08 05:25:38
56,altoona,40.5187,-78.3947,50.38,90,100,4.0,US,2023-02-08 05:25:38
57,camacha,33.0833,-16.3333,53.02,88,75,5.75,PT,2023-02-08 05:25:38
58,bluff,-46.6,168.3333,49.8,67,57,27.16,NZ,2023-02-08 05:25:39
59,nalgonda,17.05,79.2667,81.9,48,31,5.84,IN,2023-02-08 05:25:39
60,kuytun,54.3419,101.5036,9.52,86,100,4.05,RU,2023-02-08 05:25:40
61,bilma,18.6853,12.9164,64.04,24,100,8.03,NE,2023-02-08 05:25:40
62,yuanping,38.7153,112.7575,37.04,41,100,4.61,CN,2023-02-08 05:25:41
63,barranca,-10.75,-77.7667,72.57,82,26,4.99,PE,2023-02-08 05:25:41
64,bredasdorp,-34.5322,20.0403,66.43,78,5,7.99,ZA,2023-02-08 05:25:41
65,bambous virieux,-20.3428,57.7575,83.21,74,75,14.97,MU,2023-02-08 05:25:41
66,bennington,42.8781,-73.1968,37.51,79,100,0.0,US,2023-02-08 05:25:42
67,el cocuy,6.4078,-72.4446,48.16,86,80,4.45,CO,2023-02-08 05:25:42
68,atuona,-9.8,-139.0333,79.02,76,21,17.02,PF,2023-02-08 05:25:42
69,tamandare,-8.7597,-35.1047,75.61,76,95,4.54,BR,2023-02-08 05:25:43
70,kodiak,57.79,-152.4072,22.51,63,0,14.97,US,2023-02-08 05:25:43
71,chipinge,-20.1883,32.6236,68.23,74,90,2.15,ZW,2023-02-08 05:25:44
72,gasa,31.5,34.4667,46.89,54,86,22.64,PS,2023-02-08 05:25:44
73,muros,42.7762,-9.0603,42.1,79,24,15.39,ES,2023-02-08 05:25:44
74,tessalit,20.1986,1.0114,65.75,15,63,9.1,ML,2023-02-08 05:25:45
75,port alfred,-33.5906,26.891,69.19,86,100,4.0,ZA,2023-02-08 05:21:30
76,samoded,63.6083,40.5111,31.69,94,100,8.66,RU,2023-02-08 05:25:45
77,broken hill,-31.95,141.4333,89.53,13,0,12.21,AU,2023-02-08 05:25:45
78,el cobre,20.0489,-75.9469,72.84,78,20,8.05,CU,2023-02-08 05:25:45
79,bollnas,61.3482,16.3946,33.69,92,90,5.44,SE,2023-02-08 05:25:46
80,puerto carreno,6.189,-67.4859,78.85,60,11,5.01,CO,2023-02-08 05:25:46
81,matay,28.419,30.7792,47.32,59,100,2.93,EG,2023-02-08 05:25:46
82,yellowknife,62.456,-114.3525,-3.44,77,100,6.91,CA,2023-02-08 05:20:54
83,thompson,55.7435,-97.8558,1.56,85,75,0.0,CA,2023-02-08 05:25:47
84,andenes,69.3143,16.1194,40.98,70,20,36.82,NO,2023-02-08 05:25:47
85,dzilam gonzalez,21.2833,-88.9333,72.28,85,2,6.44,MX,2023-02-08 05:25:47
86,cape town,-33.9258,18.4232,70.92,74,20,14.0,ZA,2023-02-08 05:25:48
87,rundu,-17.9333,19.7667,64.49,94,100,3.47,NA,2023-02-08 05:25:48
88,avarua,-21.2078,-159.775,80.65,83,56,8.05,CK,2023-02-08 05:25:48
89,linfen,36.0889,111.5189,49.03,42,100,8.61,CN,2023-02-08 05:25:48
90,college,64.8569,-147.8028,6.78,81,100,3.44,US,2023-02-08 05:25:49
91,barrow,71.2906,-156.7887,-3.98,77,100,6.91,US,2023-02-08 05:25:49
92,ponta do sol,32.6667,-17.1,58.01,64,33,7.38,PT,2023-02-08 05:25:49
93,tual,-5.6667,132.75,82.83,73,97,21.81,ID,2023-02-08 05:25:50
94,andalan,5.9594,121.3903,79.83,74,97,10.13,PH,2023-02-08 05:25:50
95,santa cruz,-17.8,-63.1667,72.86,94,75,5.75,BO,2023-02-08 05:25:50
96,santa maria,-29.6842,-53.8069,68.54,67,0,5.77,BR,2023-02-08 05:25:50
97,evensk,61.95,159.2333,-18.44,78,48,7.36,RU,2023-02-08 05:25:51
98,lind,56.1,8.9833,37.22,95,82,9.28,DK,2023-02-08 05:25:51
99,dikson,73.5069,80.5464,-4.22,89,100,22.24,RU,2023-02-08 05:25:51
100,chesma,53.8111,60.6533,-4.14,100,100,4.83,RU,2023-02-08 05:25:52
101,namibe,-15.1961,12.1522,69.01,78,96,5.82,AO,2023-02-08 05:25:52
102,vila velha,-20.3297,-40.2925,77.95,90,40,0.0,BR,2023-02-08 05:21:35
103,jinchang,38.4953,102.1739,30.4,76,100,4.05,CN,2023-02-08 05:25:52
104,phangnga,8.4509,98.5298,87.84,46,23,5.39,TH,2023-02-08 05:25:53
105,kahului,20.8947,-156.47,75.85,79,40,19.57,US,2023-02-08 05:25:53
106,xingyi,24.1877,102.817,67.33,19,0,15.5,CN,2023-02-08 05:25:53
107,matara,5.9485,80.5353,84.51,65,85,7.43,LK,2023-02-08 05:25:53
108,zima,53.9202,102.0442,10.58,88,99,3.67,RU,2023-02-08 05:25:54
109,caravelas,-17.7125,-39.2481,75.63,85,42,6.17,BR,2023-02-08 05:25:54
110,san policarpo,12.1791,125.5072,81.32,71,100,15.64,PH,2023-02-08 05:25:54
111,khatanga,71.9667,102.5,-45.87,100,62,3.22,RU,2023-02-08 05:25:55
112,longyearbyen,78.2186,15.6401,24.64,74,40,14.97,SJ,2023-02-08 05:25:55
113,praia da vitoria,38.7333,-27.0667,55.65,71,100,11.99,PT,2023-02-08 05:25:55
114,pishin,30.5803,66.9961,55.35,26,97,1.97,PK,2023-02-08 05:25:56
115,saint george,37.1041,-113.5841,43.95,56,0,6.91,US,2023-02-08 05:25:00
116,shubarkuduk,49.1447,56.4872,5.56,90,8,13.47,KZ,2023-02-08 05:25:56
117,sitka,57.0531,-135.33,35.49,80,100,3.44,US,2023-02-08 05:25:56
118,saint stephen,50.3333,-4.9,38.21,93,1,9.22,GB,2023-02-08 05:25:57
119,komsomolskiy,40.4272,71.7189,41.72,60,92,2.3,UZ,2023-02-08 05:25:57
120,lumby,50.2498,-118.969,40.77,52,54,6.91,CA,2023-02-08 05:25:57
121,nikolskoye,59.7035,30.7861,30.09,87,100,9.17,RU,2023-02-08 05:25:57
122,launceston,-41.45,147.1667,72.61,53,100,12.66,AU,2023-02-08 05:23:10
123,marihatag,8.7936,126.2969,81.93,70,91,12.28,PH,2023-02-08 05:25:58
124,witu,-2.3889,40.4382,80.76,83,52,4.63,KE,2023-02-08 05:25:58
125,baykit,61.67,96.37,8.37,94,100,2.37,RU,2023-02-08 05:25:58
126,tuktoyaktuk,69.4541,-133.0374,-22.0,76,100,4.61,CA,2023-02-08 05:25:59
127,general roca,-39.0333,-67.5833,70.63,26,1,12.28,AR,2023-02-08 05:25:59
128,hilo,19.7297,-155.09,74.28,91,100,3.44,US,2023-02-08 05:25:59
129,solnechnyy,50.7214,136.6319,-3.01,76,91,6.33,RU,2023-02-08 05:26:00
130,sur,22.5667,59.5289,79.14,43,65,4.12,OM,2023-02-08 05:26:00
131,bengkulu,-3.8004,102.2655,85.28,56,79,10.02,ID,2023-02-08 05:26:00
132,tasiilaq,65.6145,-37.6368,1.56,46,0,18.99,GL,2023-02-08 05:26:00
133,ahipara,-35.1667,173.1667,70.63,63,23,8.12,NZ,2023-02-08 05:23:10
134,berlevag,70.8578,29.0864,32.0,64,75,29.93,NO,2023-02-08 05:26:01
135,snyder,32.7179,-100.9176,43.14,52,100,11.5,US,2023-02-08 05:26:01
136,liberty,31.8335,-81.5004,56.98,92,0,7.0,US,2023-02-08 05:26:01
137,zhangjiakou,40.81,114.8794,31.15,32,34,2.46,CN,2023-02-08 05:26:02
138,luganville,-15.5333,167.1667,82.74,77,100,6.58,VU,2023-02-08 05:26:02
139,jaciara,-15.9653,-54.9683,70.07,94,96,1.43,BR,2023-02-08 05:21:40
140,kiunga,-6.1219,141.2906,82.29,82,81,5.66,PG,2023-02-08 05:26:03
141,derzhavinsk,51.1,66.3167,1.2,98,97,8.5,KZ,2023-02-08 05:26:04
142,bethel,41.3712,-73.414,38.48,83,20,4.61,US,2023-02-08 05:26:04
143,batemans bay,-35.7167,150.1833,71.1,80,100,1.41,AU,2023-02-08 05:26:05
144,severo-kurilsk,50.6789,156.125,23.68,75,25,10.65,RU,2023-02-08 05:26:05
145,ostrovnoy,68.0531,39.5131,28.02,82,11,20.29,RU,2023-02-08 05:26:06
146,airai,-8.9266,125.4092,69.58,81,82,3.94,TL,2023-02-08 05:26:06
147,kaitangata,-46.2817,169.8464,57.9,52,22,14.63,NZ,2023-02-08 05:26:07
148,itoman,26.1247,127.6694,73.78,68,20,16.11,JP,2023-02-08 05:26:07
149,wanning,18.8003,110.3967,77.85,75,35,8.48,CN,2023-02-08 05:26:08
150,matamoros,25.5333,-103.25,64.11,30,66,1.63,MX,2023-02-08 05:24:09
151,hambantota,6.1241,81.1185,86.34,70,20,14.97,LK,2023-02-08 05:26:08
152,dagestanskiye ogni,42.1159,48.192,33.8,72,96,11.34,RU,2023-02-08 05:26:09
153,taoudenni,22.6783,-3.9836,61.2,22,84,11.61,ML,2023-02-08 05:26:10
154,russell,32.3502,-85.1999,61.83,87,0,3.44,US,2023-02-08 05:26:10
155,vicente guerrero,19.1194,-98.1708,55.0,50,0,1.3,MX,2023-02-08 05:26:10
156,upington,-28.4478,21.2561,66.58,82,75,3.44,ZA,2023-02-08 05:26:11
157,marzuq,14.4,46.4667,70.72,35,26,4.97,YE,2023-02-08 05:26:12
158,asau,46.4333,26.4,20.32,96,99,5.12,RO,2023-02-08 05:26:12
159,lagoa,39.05,-27.9833,55.0,61,89,13.27,PT,2023-02-08 05:26:13
160,sao joao da barra,-21.6403,-41.0511,73.87,94,100,3.69,BR,2023-02-08 05:26:13
161,hoogeveen,52.6833,6.5833,29.08,57,56,4.03,NL,2023-02-08 05:26:14
162,tazmalt,36.3868,4.3989,46.74,69,100,2.08,DZ,2023-02-08 05:26:14
163,nanortalik,60.1432,-45.2371,3.6,75,12,14.25,GL,2023-02-08 05:26:15
164,sisimiut,66.9395,-53.6735,-13.41,93,93,8.14,GL,2023-02-08 05:26:15
165,alihe,50.5667,123.7167,13.15,66,28,4.9,CN,2023-02-08 05:26:16
166,allapalli,19.4167,80.0667,87.08,21,14,2.84,IN,2023-02-08 05:26:17
167,bam,29.106,58.357,65.71,38,31,6.89,IR,2023-02-08 05:26:17
168,san pablo,14.0669,121.3258,80.91,57,100,9.35,PH,2023-02-08 05:26:18
169,torbay,47.6666,-52.7314,28.38,86,75,23.02,CA,2023-02-08 05:26:18
170,pevek,69.7008,170.3133,-22.67,98,100,3.83,RU,2023-02-08 05:26:19
171,kisangani,0.5167,25.2,73.26,70,100,2.3,CD,2023-02-08 05:26:19
172,taybad,34.74,60.7756,53.89,54,6,14.7,IR,2023-02-08 05:26:20
173,bangkal,6.0667,121.0667,81.57,71,95,4.79,PH,2023-02-08 05:26:20
174,ilulissat,69.2167,-51.1,-12.98,70,20,8.05,GL,2023-02-08 05:26:21
175,cockburn town,21.4612,-71.1419,77.92,73,1,22.95,TC,2023-02-08 05:26:21
176,gravdal,68.1214,13.5031,40.89,93,75,35.68,NO,2023-02-08 05:26:22
177,ribeira grande,38.5167,-28.7,54.77,64,55,8.99,PT,2023-02-08 05:26:22
178,manta,-0.95,-80.7333,77.0,87,9,6.29,EC,2023-02-08 05:26:23
179,nesoddtangen,59.8655,10.6594,33.91,97,98,2.21,NO,2023-02-08 05:26:23
180,puerto narino,-3.7703,-70.3831,71.8,98,95,0.98,CO,2023-02-08 05:26:24
181,ust-ilimsk,58.0006,102.6619,14.38,92,100,6.13,RU,2023-02-08 05:26:25
182,mbandaka,0.0487,18.2603,70.57,78,43,1.9,CD,2023-02-08 05:26:26
183,hualmay,-11.0964,-77.6139,72.09,87,26,6.29,PE,2023-02-08 05:26:27
184,molina,-35.1167,-71.2833,68.38,58,100,0.0,CL,2023-02-08 05:26:28
185,raton,36.9034,-104.4391,25.41,80,75,3.44,US,2023-02-08 05:26:29
186,mathathane,-22.2687,28.7495,74.7,63,23,6.85,BW,2023-02-08 05:26:30
187,sao filipe,14.8961,-24.4956,68.07,69,30,9.57,CV,2023-02-08 05:26:30
188,leningradskiy,69.3833,178.4167,-25.87,95,100,4.97,RU,2023-02-08 05:26:31
189,katsuura,35.1333,140.3,49.77,70,98,17.9,JP,2023-02-08 05:26:31
190,aksu,41.1231,80.2644,31.95,51,11,3.36,CN,2023-02-08 05:26:32
191,ondjiva,-17.0667,15.7333,69.73,34,100,6.78,AO,2023-02-08 05:26:32
192,beipiao,41.7919,120.7792,37.2,14,1,10.42,CN,2023-02-08 05:26:32
193,grindavik,63.8424,-22.4338,24.75,93,75,34.52,IS,2023-02-08 05:26:33
194,bilibino,68.0546,166.4372,-36.18,100,100,1.7,RU,2023-02-08 05:26:33
195,kimparana,12.8347,-4.9244,76.78,18,67,5.26,ML,2023-02-08 05:26:33
196,cayenne,4.9333,-52.3333,75.24,100,75,0.0,GF,2023-02-08 05:26:34
197,demba,-5.51,22.2667,67.53,96,100,2.42,CD,2023-02-08 05:26:34
198,margate,51.3813,1.3862,39.27,68,42,3.56,GB,2023-02-08 05:26:35
199,ketchikan,55.3422,-131.6461,37.87,87,100,6.91,US,2023-02-08 05:26:36
200,klaksvik,62.2266,-6.589,45.5,85,100,57.27,FO,2023-02-08 05:26:36
201,yeppoon,-23.1333,150.7333,83.98,65,90,22.48,AU,2023-02-08 05:26:37
202,tommot,58.9564,126.2925,-12.37,85,100,5.86,RU,2023-02-08 05:26:37
203,tezu,27.9167,96.1667,72.64,40,98,4.29,IN,2023-02-08 05:26:37
204,east london,-33.0153,27.9116,68.94,94,100,13.8,ZA,2023-02-08 05:26:37
205,lieksa,63.3167,30.0167,32.0,95,100,6.06,FI,2023-02-08 05:26:38
206,norman wells,65.282,-126.8329,-16.56,76,40,2.3,CA,2023-02-08 05:26:38
207,biharamulo,-2.6319,31.3089,61.0,92,78,1.41,TZ,2023-02-08 05:26:38
208,casino,-28.8667,153.05,81.79,47,98,7.96,AU,2023-02-08 05:26:39
209,karratha,-20.7377,116.8463,95.58,39,42,16.4,AU,2023-02-08 05:26:39
210,clyde river,70.4692,-68.5914,-28.97,68,20,4.61,CA,2023-02-08 05:26:39
211,simao,22.7886,100.9748,72.93,18,0,7.27,CN,2023-02-08 05:26:40
212,isangel,-19.55,169.2667,80.71,94,100,2.3,VU,2023-02-08 05:26:40
213,ustye,59.6304,39.736,19.87,92,96,9.51,RU,2023-02-08 05:26:40
214,te anau,-45.4167,167.7167,54.9,53,44,9.1,NZ,2023-02-08 05:26:40
215,lata,40.1629,-8.3327,47.91,83,42,8.75,PT,2023-02-08 05:26:41
216,marovoay,-16.1,46.6333,77.77,83,79,4.99,MG,2023-02-08 05:26:41
217,kazachinskoye,57.6953,93.2761,18.23,91,100,7.45,RU,2023-02-08 05:26:41
218,hovd,48.0056,91.6419,6.98,74,99,3.65,MN,2023-02-08 05:26:42
219,vung tau,10.346,107.0843,82.02,71,14,14.03,VN,2023-02-08 05:23:30
220,banjar,-8.19,114.9675,85.87,70,97,4.36,ID,2023-02-08 05:26:42
221,carlos chagas,-17.7031,-40.7664,71.11,92,86,2.62,BR,2023-02-08 05:26:42
222,sabalgarh,26.25,77.4,71.53,26,0,5.7,IN,2023-02-08 05:26:42
223,georgetown,5.4112,100.3354,89.55,51,20,9.22,MY,2023-02-08 05:25:10
224,hurghada,27.2574,33.8129,50.04,46,0,8.05,EG,2023-02-08 05:24:39
225,temir,49.1414,57.13,4.1,92,9,14.34,KZ,2023-02-08 05:26:43
226,gunnedah,-30.9833,150.25,92.73,24,31,7.74,AU,2023-02-08 05:26:43
227,yerbogachen,61.2767,108.0108,-8.73,96,100,2.17,RU,2023-02-08 05:26:43
228,havre-saint-pierre,50.2334,-63.5986,23.0,79,100,10.36,CA,2023-02-08 05:26:44
229,lisakovsk,52.5369,62.4936,-5.1,99,85,7.85,KZ,2023-02-08 05:26:44
230,bagru,26.8088,75.5423,70.14,28,0,4.72,IN,2023-02-08 05:26:44
231,grand-santi,4.25,-54.3833,70.65,100,47,2.19,GF,2023-02-08 05:26:45
232,vestmanna,62.1564,-7.1664,43.32,87,100,54.74,FO,2023-02-08 05:26:45
233,narsaq,60.9167,-46.05,-1.98,66,22,9.44,GL,2023-02-08 05:26:45
234,skibbereen,51.55,-9.2667,48.11,89,93,10.58,IE,2023-02-08 05:26:45
235,butaritari,3.0707,172.7902,81.37,81,100,21.36,KI,2023-02-08 05:26:46
236,codrington,-38.2667,141.9667,65.77,62,51,13.96,AU,2023-02-08 05:26:46
237,barcelos,41.5388,-8.6151,48.34,73,79,14.58,PT,2023-02-08 05:26:46
238,nuuk,64.1835,-51.7216,8.98,94,100,9.37,GL,2023-02-08 05:26:47
239,ust-shonosha,61.1531,41.343,24.96,91,100,10.0,RU,2023-02-08 05:26:47
240,cherskiy,68.75,161.3,-26.84,97,100,5.66,RU,2023-02-08 05:26:47
241,jalu,29.0331,21.5482,47.32,62,83,5.5,LY,2023-02-08 05:26:47
242,la ronge,55.1001,-105.2842,26.85,50,0,6.91,CA,2023-02-08 05:26:48
243,malpe,13.35,74.7167,85.3,45,78,1.03,IN,2023-02-08 05:26:48
244,puerto ayora,-0.7393,-90.3518,78.55,92,36,4.0,EC,2023-02-08 05:26:48
245,saint-joseph,-21.3667,55.6167,82.78,77,81,13.18,RE,2023-02-08 05:26:49
246,miraflores,19.2167,-98.8083,61.03,57,0,2.68,MX,2023-02-08 05:25:14
247,victor harbor,-35.5667,138.6167,86.68,79,16,10.76,AU,2023-02-08 05:26:49
248,bonavista,48.6499,-53.1147,26.87,71,95,22.57,CA,2023-02-08 05:26:49
249,tiksi,71.6872,128.8694,-36.06,99,93,6.24,RU,2023-02-08 05:26:49
250,snezhnogorsk,69.1933,33.2531,29.98,83,22,16.69,RU,2023-02-08 05:26:50
251,road town,18.4167,-64.6167,75.29,72,13,19.57,VG,2023-02-08 05:23:33
252,letterkenny,54.95,-7.7333,45.07,83,52,13.27,IE,2023-02-08 05:26:50
253,nanakuli,21.3906,-158.1547,75.15,65,20,8.05,US,2023-02-08 05:26:50
254,alofi,-19.0595,-169.9187,80.49,78,100,5.75,NU,2023-02-08 05:26:51
255,saskylakh,71.9167,114.0833,-28.16,99,100,1.83,RU,2023-02-08 05:26:51
256,naze,28.3667,129.4833,65.32,64,85,15.21,JP,2023-02-08 05:26:51
257,shelburne,44.0787,-80.2041,34.25,94,99,13.71,CA,2023-02-08 05:26:52
258,fairbanks,64.8378,-147.7164,6.8,82,100,3.44,US,2023-02-08 05:25:00
259,iqaluit,63.7506,-68.5145,-25.87,68,100,2.3,CA,2023-02-08 05:22:29
260,novyy urengoy,66.0833,76.6333,-4.59,94,90,10.49,RU,2023-02-08 05:26:52
261,yulara,-25.2406,130.9889,101.68,14,0,12.35,AU,2023-02-08 05:26:52
262,zhigansk,66.7697,123.3711,-43.82,96,100,6.8,RU,2023-02-08 05:26:53
263,cidreira,-30.1811,-50.2056,74.88,82,6,13.8,BR,2023-02-08 05:26:53
264,newport,51.5877,-2.9984,36.05,90,2,3.33,GB,2023-02-08 05:25:41
265,mayo,38.8876,-76.5119,49.12,85,20,0.0,US,2023-02-08 05:26:53
266,half moon bay,37.4636,-122.4286,53.31,78,0,5.75,US,2023-02-08 05:25:02
267,aksarka,66.5606,67.7975,7.11,94,100,20.92,RU,2023-02-08 05:26:54
268,waingapu,-9.6567,120.2641,84.31,73,75,10.47,ID,2023-02-08 05:26:54
269,conde,-7.2597,-34.9075,72.86,83,0,5.75,BR,2023-02-08 05:26:55
270,walvis bay,-22.9575,14.5053,67.15,82,100,4.61,NA,2023-02-08 05:26:55
271,mandalgovi,45.7625,106.2708,17.6,66,97,9.46,MN,2023-02-08 05:26:55
272,aligudarz,33.4006,49.6949,22.46,92,37,4.92,IR,2023-02-08 05:26:56
273,port-gentil,-0.7193,8.7815,76.96,94,40,5.75,GA,2023-02-08 05:26:56
274,mao,39.8885,4.2658,50.56,76,75,18.41,ES,2023-02-08 05:26:56
275,morshansk,53.4435,41.8107,5.59,98,61,3.87,RU,2023-02-08 05:26:57
276,sibilia,15.0,-91.6167,50.97,76,41,2.59,GT,2023-02-08 05:26:57
277,harper,4.375,-7.7169,78.51,84,93,6.82,LR,2023-02-08 05:26:57
278,qaanaaq,77.484,-69.3632,-25.78,67,8,6.06,GL,2023-02-08 05:26:58
279,carnarvon,-24.8667,113.6333,86.43,53,4,15.75,AU,2023-02-08 05:26:58
280,ocos,14.5094,-92.1933,71.78,72,9,2.46,GT,2023-02-08 05:26:58
281,nagato,34.3833,131.2,51.58,51,7,12.35,JP,2023-02-08 05:26:59
282,koungheul,13.9833,-14.8,70.36,20,37,7.92,SN,2023-02-08 05:26:59
283,djibo,14.1022,-1.6306,74.91,16,79,9.82,BF,2023-02-08 05:26:59
284,along,28.1667,94.7667,58.17,84,100,1.43,IN,2023-02-08 05:26:59
285,kaifeng,34.7911,114.3483,51.04,33,100,14.97,CN,2023-02-08 05:27:00
286,talnakh,69.4865,88.3972,-9.8,97,97,7.2,RU,2023-02-08 05:27:00
287,lloro,5.4961,-76.5495,72.91,99,60,2.08,CO,2023-02-08 05:27:00
288,gobabis,-22.45,18.9667,64.99,84,99,1.52,NA,2023-02-08 05:27:01
289,talas,38.6908,35.5538,16.47,79,75,2.3,TR,2023-02-08 05:27:01
290,constitucion,-35.3333,-72.4167,60.76,63,0,8.23,CL,2023-02-08 05:27:01
291,lavrentiya,65.5833,-171.0,-15.32,92,98,3.4,RU,2023-02-08 05:27:02
292,newberry,34.2746,-81.6187,52.02,70,37,5.39,US,2023-02-08 05:27:04
293,yenagoa,4.9247,6.2642,76.86,88,22,1.79,NG,2023-02-08 05:27:05
294,pochutla,15.7432,-96.4661,71.82,61,0,4.12,MX,2023-02-08 05:27:07
295,hithadhoo,-0.6,73.0833,81.32,73,12,7.87,MV,2023-02-08 05:27:08
296,tilichiki,60.4667,166.1,-21.15,90,56,9.8,RU,2023-02-08 05:27:09
297,horta,38.5333,-28.6333,54.01,64,53,8.99,PT,2023-02-08 05:27:10
298,zemio,5.0314,25.1361,66.78,24,48,3.69,CF,2023-02-08 05:27:10
299,manaure,11.7751,-72.4445,76.33,77,0,15.19,CO,2023-02-08 05:27:10
300,esperance,-33.8667,121.9,72.14,64,63,13.62,AU,2023-02-08 05:27:11
301,aurillac,44.9167,2.45,25.02,86,0,3.44,FR,2023-02-08 05:27:12
302,aloleng,16.1307,119.7824,84.79,64,96,6.49,PH,2023-02-08 05:27:12
303,san rafael,-34.6177,-68.3301,72.73,58,17,0.2,AR,2023-02-08 05:27:12
304,tongliao,43.6125,122.2653,30.6,27,0,10.54,CN,2023-02-08 05:27:13
305,caconda,-13.7333,15.0667,57.33,53,100,4.14,AO,2023-02-08 05:27:13
306,nador,35.174,-2.9287,52.05,87,40,2.3,MA,2023-02-08 05:27:14
307,zhangye,38.9342,100.4517,33.37,43,100,2.93,CN,2023-02-08 05:27:14
308,pharr,26.1948,-98.1836,73.8,89,75,13.8,US,2023-02-08 05:27:15
309,nchelenge,-9.3451,28.734,67.71,88,100,4.85,ZM,2023-02-08 05:27:15
310,kununurra,-15.7667,128.7333,100.38,28,3,9.22,AU,2023-02-08 05:22:26
311,atar,20.5169,-13.0499,57.88,29,16,10.13,MR,2023-02-08 05:27:16
312,puerto leguizamo,-0.1934,-74.7819,71.89,82,14,2.37,CO,2023-02-08 05:27:16
313,inhambane,-23.865,35.3833,80.53,81,7,6.64,MZ,2023-02-08 05:27:17
314,olafsvik,64.8945,-23.7142,27.86,52,100,28.36,IS,2023-02-08 05:27:18
315,oranjemund,-28.55,16.4333,63.23,90,99,11.61,NA,2023-02-08 05:27:18
316,yar-sale,66.8333,70.8333,7.84,85,100,24.16,RU,2023-02-08 05:27:18
317,san carlos de bariloche,-41.1456,-71.3082,55.24,66,0,5.75,AR,2023-02-08 05:24:20
318,port elizabeth,-33.918,25.5701,69.31,95,75,8.05,ZA,2023-02-08 05:27:19
319,urumqi,43.801,87.6005,16.75,93,75,4.47,CN,2023-02-08 05:27:20
320,huinan,42.6225,126.2614,22.62,69,3,10.02,CN,2023-02-08 05:27:20
321,taonan,45.3333,122.7833,25.86,43,0,11.36,CN,2023-02-08 05:27:20
322,qandala,11.472,49.8728,76.57,76,59,3.87,SO,2023-02-08 05:27:22
323,solginskiy,61.05,41.3428,24.49,91,100,10.22,RU,2023-02-08 05:27:22
324,diapaga,12.0708,1.7889,74.23,14,44,8.72,BF,2023-02-08 05:27:23
325,muslyumovo,55.3033,53.1947,-4.5,100,100,4.43,RU,2023-02-08 05:27:24
326,vestmannaeyjar,63.4427,-20.2734,32.13,59,100,36.93,IS,2023-02-08 05:27:24
327,upernavik,72.7868,-56.1549,-23.31,95,47,4.23,GL,2023-02-08 05:27:25
328,arrecife,28.963,-13.5477,60.78,72,20,0.0,ES,2023-02-08 05:27:26
329,guerrero negro,27.9769,-114.0611,60.08,33,0,2.44,MX,2023-02-08 05:27:27
330,tres arroyos,-38.3739,-60.2798,73.71,46,38,8.59,AR,2023-02-08 05:27:28
331,tarasovskiy,48.7292,40.3636,14.16,86,6,15.9,RU,2023-02-08 05:27:30
332,port lincoln,-34.7333,135.8667,76.59,51,46,10.69,AU,2023-02-08 05:27:30
333,inirida,3.8653,-67.9239,72.84,96,86,1.19,CO,2023-02-08 05:27:30
334,locri,38.2414,16.2623,40.32,66,74,7.7,IT,2023-02-08 05:27:31
335,yuryev-polskiy,56.5,39.6833,10.89,93,77,9.95,RU,2023-02-08 05:27:32
336,mount gambier,-37.8333,140.7667,72.46,48,11,12.71,AU,2023-02-08 05:27:32
337,manokwari,-0.8667,134.0833,80.2,81,100,5.12,ID,2023-02-08 05:27:33
338,rorvik,64.8621,11.2373,39.31,75,0,12.66,NO,2023-02-08 05:27:33
339,kavieng,-2.5744,150.7967,82.36,76,100,8.95,PG,2023-02-08 05:27:33
340,cowra,-33.8333,148.6833,88.39,30,48,7.25,AU,2023-02-08 05:27:33
341,nelson bay,-32.7167,152.15,80.65,72,33,17.0,AU,2023-02-08 05:27:34
342,gorontalo,0.5412,123.0595,74.84,94,100,4.38,ID,2023-02-08 05:25:14
343,akyab,20.15,92.9,77.34,37,1,3.87,MM,2023-02-08 05:27:34
344,gboko,7.3179,8.9951,74.21,21,49,3.53,NG,2023-02-08 05:27:35
345,ulladulla,-35.35,150.4667,68.79,76,100,1.1,AU,2023-02-08 05:27:35
346,san vicente,-26.6167,-54.1333,66.22,55,2,2.39,AR,2023-02-08 05:26:05
347,tahta,26.7693,31.5021,46.63,58,97,4.23,EG,2023-02-08 05:27:35
348,chumikan,54.7183,135.315,-11.49,75,59,13.18,RU,2023-02-08 05:27:36
349,tuy hoa,13.0833,109.3,80.01,76,38,7.34,VN,2023-02-08 05:27:36
350,boende,-0.2167,20.8667,73.44,69,100,1.01,CD,2023-02-08 05:27:37
351,marienburg,54.0359,19.0266,30.85,86,89,6.6,PL,2023-02-08 05:27:37
352,jiexiu,37.0244,111.9125,41.54,45,100,6.46,CN,2023-02-08 05:27:37
353,tongchuan,35.0806,109.0897,38.86,86,100,11.65,CN,2023-02-08 05:27:38
354,tabou,4.423,-7.3528,78.46,86,100,6.08,CI,2023-02-08 05:27:38
355,ipil,7.75,122.5167,84.25,62,99,1.83,PH,2023-02-08 05:27:38
356,chapais,49.7834,-74.8492,22.78,93,99,14.41,CA,2023-02-08 05:27:39
357,moose factory,51.2585,-80.6094,-0.4,78,0,8.05,CA,2023-02-08 05:27:39
358,tuatapere,-46.1333,167.6833,52.11,77,65,15.19,NZ,2023-02-08 05:27:39
359,myaundzha,63.0494,147.1858,-25.8,97,98,1.57,RU,2023-02-08 05:27:40
360,saquarema,-22.92,-42.5103,74.08,93,100,1.7,BR,2023-02-08 05:27:40
361,xinmin,41.9908,122.8253,33.93,22,0,8.1,CN,2023-02-08 05:27:40
362,port hardy,50.6996,-127.4199,37.58,100,100,0.0,CA,2023-02-08 05:27:41
363,kloulklubed,7.0419,134.2556,84.7,76,100,18.48,PW,2023-02-08 05:27:41
364,bolu,40.6667,31.5833,17.65,96,90,2.48,TR,2023-02-08 05:27:41
365,vostok,46.4856,135.8833,3.42,82,62,12.77,RU,2023-02-08 05:27:41
366,mount isa,-20.7333,139.5,91.17,49,75,4.61,AU,2023-02-08 05:27:42
367,jining,35.405,116.5814,53.69,46,96,7.67,CN,2023-02-08 05:27:42
368,waipawa,-41.4122,175.5153,65.66,64,17,3.22,NZ,2023-02-08 05:27:42
369,sioux lookout,50.1001,-91.917,14.07,85,20,5.75,CA,2023-02-08 05:27:43
370,meiganga,6.5167,14.3,64.54,23,64,6.33,CM,2023-02-08 05:27:43
371,kurumkan,54.3,110.3,3.78,87,99,1.77,RU,2023-02-08 05:27:43
372,orillia,44.6087,-79.4207,35.69,74,92,12.66,CA,2023-02-08 05:24:10
373,naryan-mar,67.6713,53.087,33.19,80,85,22.73,RU,2023-02-08 05:27:44
374,fortuna,40.5982,-124.1573,47.32,90,0,0.0,US,2023-02-08 05:27:44
375,plesetsk,62.708,40.2916,27.52,97,100,8.52,RU,2023-02-08 05:27:44
376,gamba,-2.65,10.0,76.51,85,76,5.35,GA,2023-02-08 05:27:44
377,santiago de las vegas,22.97,-82.3869,67.71,93,20,3.44,CU,2023-02-08 05:27:45
378,okhotsk,59.3833,143.3,-10.01,82,71,10.54,RU,2023-02-08 05:27:45
379,luderitz,-26.6481,15.1594,64.81,82,22,15.61,NA,2023-02-08 05:27:45
380,lompoc,34.6391,-120.4579,51.93,87,0,8.99,US,2023-02-08 05:27:46
381,pangoa,-12.1167,-73.0,67.59,99,73,1.81,PE,2023-02-08 05:27:46
382,ekhabi,53.5102,142.9671,-10.93,84,100,11.92,RU,2023-02-08 05:27:46
383,srandakan,-7.9386,110.2506,80.73,77,100,2.68,ID,2023-02-08 05:27:46
384,san cristobal,7.7669,-72.225,68.18,79,14,1.52,VE,2023-02-08 05:27:47
385,awbari,26.5921,12.7805,52.84,35,92,15.59,LY,2023-02-08 05:27:47
386,necochea,-38.5473,-58.7368,71.76,75,11,13.24,AR,2023-02-08 05:27:47
387,santa marta,11.2408,-74.199,82.45,68,11,18.99,CO,2023-02-08 05:27:48
388,chambersburg,39.9376,-77.6611,44.28,83,100,4.0,US,2023-02-08 05:24:38
389,sorland,67.667,12.6934,42.66,89,100,50.71,NO,2023-02-08 05:27:48
390,pangnirtung,66.1451,-65.7125,-28.62,82,5,5.79,CA,2023-02-08 05:27:48
391,elblag,54.1522,19.4088,29.97,79,96,8.23,PL,2023-02-08 05:27:48
392,rocha,-34.4833,-54.3333,69.78,76,50,7.43,UY,2023-02-08 05:27:49
393,arraial do cabo,-22.9661,-42.0278,74.46,92,100,4.03,BR,2023-02-08 05:27:49
394,san quintin,30.4833,-115.95,57.61,50,0,1.97,MX,2023-02-08 05:27:49
395,kasese,0.1833,30.0833,72.0,51,58,2.37,UG,2023-02-08 05:27:50
396,boundiali,9.5217,-6.4869,75.88,59,57,3.11,CI,2023-02-08 05:27:50
397,shellbrook,53.2168,-106.4011,15.03,94,68,4.38,CA,2023-02-08 05:27:50
398,pokhara,28.2333,83.9833,67.6,37,33,5.75,NP,2023-02-08 05:27:50
399,guarapari,-20.6667,-40.4975,77.9,94,100,2.3,BR,2023-02-08 05:27:51
400,mayachnyy,52.6839,55.685,-5.01,100,82,7.02,RU,2023-02-08 05:27:51
401,havoysund,70.9963,24.6622,34.03,59,55,26.15,NO,2023-02-08 05:27:51
402,bialystok,53.1333,23.15,29.97,81,92,1.01,PL,2023-02-08 05:24:25
403,tautira,-17.7333,-149.15,80.22,62,6,5.5,PF,2023-02-08 05:27:52
404,juneau,58.3019,-134.4197,34.21,100,75,4.61,US,2023-02-08 05:26:38
405,khandbari,27.3747,87.2039,65.88,40,20,4.32,NP,2023-02-08 05:27:52
406,shaowu,27.3409,117.4831,58.05,99,100,0.74,CN,2023-02-08 05:27:52
407,tura,25.5198,90.2201,76.19,30,82,3.27,IN,2023-02-08 05:27:52
408,bulancak,40.9372,38.2291,37.22,60,75,10.36,TR,2023-02-08 05:27:53
409,huarmey,-10.0681,-78.1522,72.14,83,11,5.28,PE,2023-02-08 05:27:53
410,geraldton,-28.7667,114.6,88.21,45,0,17.27,AU,2023-02-08 05:27:53
411,ixtapa,20.7,-105.2,69.22,94,0,0.0,MX,2023-02-08 05:27:54
412,makakilo city,21.3469,-158.0858,73.72,73,20,13.8,US,2023-02-08 05:27:54
413,pacifica,37.6138,-122.4869,53.53,82,20,5.75,US,2023-02-08 05:27:54
414,aviles,43.5547,-5.9248,39.92,85,0,5.75,ES,2023-02-08 05:27:54
415,tahoua,14.8888,5.2692,67.98,22,98,4.61,NE,2023-02-08 05:27:55
416,muscat,23.6139,58.5922,75.22,47,44,4.56,OM,2023-02-08 05:25:20
417,fort nelson,58.8053,-122.7002,9.99,85,0,2.3,CA,2023-02-08 05:27:55
418,chuy,-33.6971,-53.4616,68.16,86,12,6.11,UY,2023-02-08 05:27:55
419,cartagena del chaira,1.3349,-74.8429,77.25,64,68,1.34,CO,2023-02-08 05:26:57
420,pisco,-13.7,-76.2167,73.45,83,0,6.91,PE,2023-02-08 05:25:55
421,cotonou,6.3654,2.4183,80.58,83,40,8.05,BJ,2023-02-08 05:24:07
422,petauke,-14.2426,31.3253,64.24,98,99,5.93,ZM,2023-02-08 05:27:56
423,meulaboh,4.1363,96.1285,84.69,64,70,3.49,ID,2023-02-08 05:27:56
424,khuzdar,27.7384,66.6434,61.95,21,0,4.07,PK,2023-02-08 05:27:56
425,ambilobe,-13.2,49.05,75.9,90,100,1.7,MG,2023-02-08 05:27:57
426,tarakan,3.3,117.6333,80.1,78,75,3.44,ID,2023-02-08 05:27:57
427,severnyy,50.677,36.5532,8.64,84,40,7.0,RU,2023-02-08 05:27:57
428,ust-omchug,61.15,149.6333,-25.98,93,57,4.29,RU,2023-02-08 05:27:58
429,dicabisagan,17.0818,122.4157,76.42,84,96,8.66,PH,2023-02-08 05:27:58
430,palmer,42.1584,-72.3287,36.01,84,40,9.22,US,2023-02-08 05:27:58
431,bondo,3.8146,23.6866,64.53,35,39,2.91,CD,2023-02-08 05:27:58
432,jijiga,9.35,42.8,64.29,52,4,8.75,ET,2023-02-08 05:27:59
433,port moresby,-9.4431,147.1797,76.42,94,100,6.91,PG,2023-02-08 05:27:59
434,matadi,-5.8167,13.45,75.51,95,77,2.66,CD,2023-02-08 05:27:59
435,lithakia,37.7167,20.8333,27.77,59,95,6.87,GR,2023-02-08 05:28:00
436,bayan,46.0833,127.4,15.19,81,100,6.55,CN,2023-02-08 05:28:00
437,nassogne,50.1285,5.3427,30.33,47,73,4.92,BE,2023-02-08 05:28:00
438,kropotkin,45.4375,40.5756,20.48,93,100,14.36,RU,2023-02-08 05:28:01
439,sinnamary,5.3833,-52.95,75.06,91,76,9.66,GF,2023-02-08 05:28:01
440,smithers,54.7804,-127.1743,26.92,93,100,5.75,CA,2023-02-08 05:23:12
441,luena,-11.7833,19.9167,60.82,96,100,2.33,AO,2023-02-08 05:28:01
442,chandler,33.3062,-111.8412,56.88,36,0,5.75,US,2023-02-08 05:26:05
443,fowa,8.9167,6.4,73.38,22,58,1.19,NG,2023-02-08 05:28:02
444,marystown,47.1666,-55.1483,26.01,75,100,22.66,CA,2023-02-08 05:28:02
445,stralsund,54.3091,13.0818,27.01,58,63,7.67,DE,2023-02-08 05:28:02
446,atasu,48.6814,71.6433,9.16,91,100,6.29,KZ,2023-02-08 05:28:03
447,benito juarez,19.385,-99.165,62.01,49,0,5.75,MX,2023-02-08 05:27:51
448,portland,45.5234,-122.6762,45.19,90,20,4.61,US,2023-02-08 05:24:50
449,lorengau,-2.0226,147.2712,78.87,90,100,18.05,PG,2023-02-08 05:28:03
450,nantucket,41.2835,-70.0995,37.51,87,100,13.8,US,2023-02-08 05:26:55
451,antofagasta,-23.65,-70.4,69.08,83,88,4.59,CL,2023-02-08 05:25:11
452,praia,14.9215,-23.5087,66.74,63,75,23.02,CV,2023-02-08 05:28:04
453,mlonggo,-6.5333,110.7,78.71,88,100,5.99,ID,2023-02-08 05:28:04
454,arlit,18.7369,7.3853,69.37,16,99,5.64,NE,2023-02-08 05:28:04
455,ibiracu,-19.8319,-40.3697,76.41,97,97,1.3,BR,2023-02-08 05:28:04
456,la asuncion,11.0333,-63.8628,74.35,88,79,11.34,VE,2023-02-08 05:28:05
457,abha,18.2164,42.5053,55.65,72,0,0.0,SA,2023-02-08 05:28:05
458,laibin,23.7,109.2667,57.29,92,100,4.88,CN,2023-02-08 05:28:06
459,mazara del vallo,37.6641,12.588,42.93,88,100,19.15,IT,2023-02-08 05:28:06
460,yanji,42.9075,129.5078,26.8,48,18,14.41,CN,2023-02-08 05:28:06
461,envira,-7.3,-70.2167,70.88,99,87,0.85,BR,2023-02-08 05:28:06
462,jiaozuo,35.2397,113.2331,50.16,33,100,14.47,CN,2023-02-08 05:28:07
463,oussouye,12.485,-16.5469,68.09,44,58,7.36,SN,2023-02-08 05:28:07
464,freeport,40.6576,-73.5832,41.36,90,100,5.75,US,2023-02-08 05:28:07
465,beringovskiy,63.05,179.3167,-21.89,96,68,7.43,RU,2023-02-08 05:28:08
466,puerto escondido,15.85,-97.0667,76.32,68,1,5.41,MX,2023-02-08 05:28:08
467,ambovombe,-25.1667,46.0833,76.21,71,100,4.16,MG,2023-02-08 05:28:08
468,angoram,-4.0625,144.0661,82.36,85,99,6.62,PG,2023-02-08 05:28:08
469,lazaro cardenas,17.9583,-102.2,72.68,85,0,3.65,MX,2023-02-08 05:28:09
470,nome,64.5011,-165.4064,-10.84,84,0,3.44,US,2023-02-08 05:28:09
471,sao jose da coroa grande,-8.8978,-35.1478,76.03,75,96,4.85,BR,2023-02-08 05:28:09
472,belaya gora,68.5333,146.4167,-43.82,99,75,3.24,RU,2023-02-08 05:28:10
473,capao da canoa,-29.7456,-50.0097,73.49,85,1,9.82,BR,2023-02-08 05:28:10
474,krasnoselkup,65.7,82.4667,-20.69,100,98,5.08,RU,2023-02-08 05:28:10
475,salinas,36.6777,-121.6555,51.8,85,0,9.22,US,2023-02-08 05:23:33
476,simi valley,34.2695,-118.7815,62.65,37,63,1.99,US,2023-02-08 05:23:53
477,nakamura,32.9833,132.9333,57.34,43,18,10.4,JP,2023-02-08 05:28:11
478,cochrane,51.1834,-114.4687,37.67,51,100,6.91,CA,2023-02-08 05:24:52
479,trairi,-3.2778,-39.2689,77.0,81,100,7.58,BR,2023-02-08 05:27:09
480,axim,4.8699,-2.2405,77.04,87,99,4.03,GH,2023-02-08 05:28:11
481,vaitape,-16.5167,-151.75,80.87,72,24,11.41,PF,2023-02-08 05:28:11
482,dolinsk,47.35,142.8,17.8,81,99,6.33,RU,2023-02-08 05:28:12
483,hanko,59.8333,22.95,36.05,96,100,21.99,FI,2023-02-08 05:28:12
484,utete,-7.986,38.758,77.22,91,100,1.21,TZ,2023-02-08 05:28:12
485,bermeo,43.4209,-2.7215,41.23,82,14,5.06,ES,2023-02-08 05:28:12
486,rio grande,-32.035,-52.0986,73.89,73,1,14.45,BR,2023-02-08 05:28:13
487,havelock,34.8791,-76.9013,55.92,80,0,5.75,US,2023-02-08 05:28:13
488,atambua,-9.1061,124.8925,81.61,73,60,5.66,ID,2023-02-08 05:28:13
489,ossora,59.2353,163.0719,-9.63,87,91,5.99,RU,2023-02-08 05:28:13
490,molochnoye,59.2917,39.6787,19.0,92,97,11.32,RU,2023-02-08 05:28:14
491,padang,-0.9492,100.3543,86.05,59,91,4.92,ID,2023-02-08 05:28:14
492,arona,28.0996,-16.681,54.12,69,75,3.44,ES,2023-02-08 05:28:14
493,iwanai,42.9744,140.5089,28.42,72,100,9.19,JP,2023-02-08 05:28:15
494,ahvaz,31.3203,48.6693,53.55,76,0,2.3,IR,2023-02-08 05:28:15
495,poum,-20.2333,164.0167,80.29,85,100,22.01,NC,2023-02-08 05:28:15
496,coleraine,55.1333,-6.6667,41.54,91,27,14.23,GB,2023-02-08 05:28:16
497,salina,38.8403,-97.6114,33.93,64,0,0.0,US,2023-02-08 05:27:30
498,konevo,62.1215,39.3192,26.69,94,100,9.06,RU,2023-02-08 05:28:16
499,champerico,14.3,-91.9167,77.27,71,5,3.27,GT,2023-02-08 05:28:16
500,dodoma,-6.1722,35.7395,71.51,83,75,9.22,TZ,2023-02-08 05:28:16
501,kanye,-24.9667,25.3327,62.94,86,100,3.67,BW,2023-02-08 05:28:17
502,broome,42.2506,-75.833,38.86,79,100,6.91,US,2023-02-08 05:28:17
503,burnie,-41.0667,145.9167,63.95,82,97,8.12,AU,2023-02-08 05:28:17
504,forio,40.7342,13.8646,43.43,64,2,11.99,IT,2023-02-08 05:28:18
505,sangar,63.9242,127.4739,-33.95,93,100,3.2,RU,2023-02-08 05:28:18
506,surt,31.2089,16.5887,53.15,68,97,15.39,LY,2023-02-08 05:28:18
507,pueblo nuevo,23.3833,-105.3833,43.56,60,2,5.91,MX,2023-02-08 05:28:18
508,virden,39.5009,-89.7679,40.62,81,100,4.0,US,2023-02-08 05:28:19
509,ballina,-28.8667,153.5667,82.02,64,86,10.45,AU,2023-02-08 05:28:19
510,gashua,12.871,11.0482,64.2,24,97,9.57,NG,2023-02-08 05:28:19
511,llangefni,53.2556,-4.3106,42.66,84,75,17.27,GB,2023-02-08 05:28:20
512,akhtubinsk,48.2795,46.1722,15.78,77,48,20.4,RU,2023-02-08 05:28:20
513,rio verde de mato grosso,-18.9181,-54.8442,70.0,92,100,2.98,BR,2023-02-08 05:28:20
514,belozerskoye,55.8214,65.5842,-10.8,100,100,2.86,RU,2023-02-08 05:28:20
515,san patricio,28.017,-97.5169,71.69,93,94,10.09,US,2023-02-08 05:28:21
516,yinchuan,38.4681,106.2731,32.81,48,100,3.74,CN,2023-02-08 05:28:21
517,bangkalan,-7.0455,112.7351,85.95,80,100,10.09,ID,2023-02-08 05:28:21
518,timmins,48.4669,-81.3331,17.42,79,100,11.5,CA,2023-02-08 05:27:45
519,gawan,28.4333,78.35,66.2,34,0,10.49,IN,2023-02-08 05:28:22
520,camalu,30.85,-116.0667,56.91,48,0,0.87,MX,2023-02-08 05:28:22
521,turayf,31.6725,38.6637,37.65,87,75,6.91,SA,2023-02-08 05:28:22
522,suicheng,33.8963,117.9331,53.02,47,100,13.42,CN,2023-02-08 05:28:22
523,sarana,56.4773,57.7259,0.86,99,73,3.38,RU,2023-02-08 05:28:23
524,mujiayingzi,42.1167,118.7833,31.1,17,26,6.51,CN,2023-02-08 05:28:23
525,porto novo,6.4965,2.6036,80.42,86,97,3.56,BJ,2023-02-08 05:28:23
526,hamilton,39.1834,-84.5333,50.72,84,100,5.75,US,2023-02-08 05:26:52
527,yiyang,28.5892,112.3283,48.67,89,100,5.7,CN,2023-02-08 05:28:24
528,markova,48.6758,24.4138,13.95,99,100,1.77,UA,2023-02-08 05:28:24
529,esna,25.2934,32.554,48.22,48,98,6.42,EG,2023-02-08 05:28:24
530,jizan,17.3333,42.6667,77.94,73,5,4.99,SA,2023-02-08 05:28:25
531,palmerston,-12.486,130.9833,92.03,65,100,14.97,AU,2023-02-08 05:28:25
532,le vauclin,14.5452,-60.8388,77.05,83,20,11.5,MQ,2023-02-08 05:28:25
533,nizwa,22.9333,57.5333,73.27,36,38,2.68,OM,2023-02-08 05:28:25
534,anadyr,64.75,177.4833,-26.9,75,0,8.95,RU,2023-02-08 05:28:26
535,ware,51.8126,-0.0283,37.04,97,100,1.14,GB,2023-02-08 05:28:26
536,yumen,40.2833,97.2,35.17,37,28,19.24,CN,2023-02-08 05:28:26
537,srednekolymsk,67.45,153.6833,-27.09,97,100,5.35,RU,2023-02-08 05:28:27
538,honningsvag,70.9821,25.9704,33.55,64,73,27.63,NO,2023-02-08 05:28:27
539,skjervoy,70.0311,20.9714,39.2,66,57,20.36,NO,2023-02-08 05:28:27
540,lima,-12.0432,-77.0282,75.9,80,0,9.22,PE,2023-02-08 05:24:00
541,flinders,-34.5833,150.8552,72.18,90,100,3.0,AU,2023-02-08 05:28:28
542,polovinnoye,54.7914,65.9864,-8.59,100,99,4.85,RU,2023-02-08 05:28:28
543,pedra branca,-5.4542,-39.7172,66.61,60,99,3.65,BR,2023-02-08 05:28:28
544,ahuimanu,21.4447,-157.8378,74.91,81,20,13.8,US,2023-02-08 05:28:28
545,comodoro rivadavia,-45.8667,-67.5,62.46,42,0,8.05,AR,2023-02-08 05:28:29
546,aksay,47.26,39.87,23.25,78,55,15.01,RU,2023-02-08 05:28:29
547,pringsewu,-5.3582,104.9744,89.28,55,94,2.73,ID,2023-02-08 05:28:29
548,egvekinot,66.3167,-179.1667,-22.61,88,89,8.79,RU,2023-02-08 05:28:29
549,lahaina,20.8783,-156.6825,75.81,88,21,13.06,US,2023-02-08 05:28:30
550,north bend,43.4065,-124.2243,45.91,100,100,5.75,US,2023-02-08 05:28:30
551,houma,29.5958,-90.7195,66.99,93,75,4.61,US,2023-02-08 05:28:30
552,marsh harbour,26.5412,-77.0636,71.58,63,0,17.56,BS,2023-02-08 05:28:31
553,vao,-22.6667,167.4833,80.26,71,43,13.47,NC,2023-02-08 05:28:31
554,opuwo,-18.0607,13.84,63.28,60,99,3.44,NA,2023-02-08 05:28:31
555,waddan,29.1614,16.139,48.7,59,97,18.01,LY,2023-02-08 05:28:31
556,altagracia de orituco,9.8601,-66.3814,69.49,91,65,5.1,VE,2023-02-08 05:28:32
557,roma,43.2128,-75.4557,41.83,84,99,1.01,US,2023-02-08 05:28:32
558,port hedland,-20.3167,118.5667,95.05,46,45,14.97,AU,2023-02-08 05:28:32
559,pimentel,-6.8367,-79.9342,75.49,73,0,14.97,PE,2023-02-08 05:28:32
560,gat,31.61,34.7642,52.48,100,47,13.73,IL,2023-02-08 05:24:04
561,zhezkazgan,47.8043,67.7144,10.38,92,100,11.18,KZ,2023-02-08 05:28:33
562,baijiantan,45.6333,85.1833,17.64,88,68,3.02,CN,2023-02-08 05:28:33
563,deputatskiy,69.3,139.9,-43.31,98,50,3.76,RU,2023-02-08 05:28:33
564,vallenar,-28.5708,-70.7581,71.42,58,38,2.89,CL,2023-02-08 05:28:34
565,paamiut,61.994,-49.6678,4.26,77,90,12.5,GL,2023-02-08 05:27:35
566,great falls,47.5002,-111.3008,42.67,58,0,21.85,US,2023-02-08 05:24:54
567,hami,42.8,93.45,35.08,79,100,4.36,CN,2023-02-08 05:28:34
568,tahe,52.3333,124.7333,7.9,55,84,7.81,CN,2023-02-08 05:28:34
569,oloron-sainte-marie,43.1944,-0.6107,36.97,90,9,3.2,FR,2023-02-08 05:28:35
570,aykhal,66.0,111.5,-29.29,99,49,1.72,RU,2023-02-08 05:28:35
571,kongolo,-5.3833,27.0,68.83,97,100,1.83,CD,2023-02-08 05:28:35
572,avera,33.194,-82.5271,47.71,67,57,5.7,US,2023-02-08 05:28:35
573,slobodskoy,58.7322,50.1772,12.78,94,100,9.91,RU,2023-02-08 05:28:36
574,tabas,33.5959,56.9244,58.59,52,7,8.52,IR,2023-02-08 05:28:36
575,karonga,-9.9333,33.9333,74.41,76,93,4.81,MW,2023-02-08 05:28:36
576,kudahuvadhoo,2.6708,72.8944,80.53,71,36,7.23,MV,2023-02-08 05:28:37
577,astoria,46.1879,-123.8313,47.86,82,20,6.91,US,2023-02-08 05:28:37
578,kamenka,51.3223,42.7678,6.3,94,6,9.33,RU,2023-02-08 05:28:37
579,brewster,41.3973,-73.6171,38.19,92,20,4.61,US,2023-02-08 05:28:37
580,nara,34.6851,135.8049,54.72,38,62,11.83,JP,2023-02-08 05:28:38
581,sile,41.1754,29.6133,38.57,66,91,5.99,TR,2023-02-08 05:28:38
582,sivas,39.7916,37.0019,12.83,92,100,8.05,TR,2023-02-08 05:28:38
583,nove mesto pod smrkem,50.9249,15.2294,18.99,82,3,2.08,CZ,2023-02-08 05:28:39
584,camana,-16.6228,-72.7111,74.91,85,75,7.56,PE,2023-02-08 05:28:39
585,biak,-0.9131,122.8766,78.89,76,100,7.2,ID,2023-02-08 05:28:39
586,mlimba,-8.8,35.8167,72.41,96,100,1.25,TZ,2023-02-08 05:28:39
587,takoradi,4.8845,-1.7554,77.49,87,96,4.79,GH,2023-02-08 05:28:40
588,iracoubo,5.4802,-53.2011,75.16,91,74,9.98,GF,2023-02-08 05:28:40
589,mehamn,71.0357,27.8492,31.95,64,0,29.93,NO,2023-02-08 05:28:40
590,zarand,30.8127,56.564,52.52,48,100,12.86,IR,2023-02-08 05:28:41
